LocationName,Coronary heart disease among adults,Current asthma among adults,Depression among adults,Diagnosed diabetes among adults,Fair or poor self-rated health status among adults,Frequent mental distress among adults,High blood pressure among adults,No leisure-time physical activity among adults,Obesity among adults,Stroke among adults,longitude,latitude,temperature,temp_norm,Current asthma among adults_norm,Coronary heart disease among adults_norm,Diagnosed diabetes among adults_norm,Obesity among adults_norm,High blood pressure among adults_norm,Frequent mental distress among adults_norm,No leisure-time physical activity among adults_norm,heat_health_risk
4013060902,7.5,10.6,18.7,17.3,36.1,18.4,34.9,38.1,39.3,4.4,-112.3261717,33.612051,109.7,0.0,0.3454545454545455,0.44696969696969696,0.8905109489051095,1.0,0.4571428571428571,0.7025316455696201,1.0,0.6053262117552287
4013050603,7.3,10.9,20.3,13.4,24.5,17.1,34.7,26.0,34.1,3.9,-113.0618727,33.3162347,111.6,1.0,0.4000000000000002,0.4318181818181817,0.6058394160583942,0.6729559748427675,0.451948051948052,0.620253164556962,0.5291828793774318,0.5889997085752237
4013050702,5.6,10.5,19.6,12.0,23.6,17.4,30.3,26.0,34.7,3.2,-112.582303,33.3707199,111.6,1.0,0.3272727272727274,0.303030303030303,0.5036496350364963,0.7106918238993714,0.33766233766233766,0.6392405063291138,0.5291828793774318,0.5438412765759726
4013060801,7.7,10.4,18.4,15.7,29.1,16.6,35.6,31.7,36.4,4.3,-112.3316377,33.6318859,109.7,0.0,0.3090909090909093,0.46212121212121204,0.7737226277372262,0.8176100628930818,0.4753246753246753,0.5886075949367089,0.7509727626459142,0.522181230593716
4013061046,5.4,10.8,20.0,12.0,24.3,18.1,30.6,26.6,34.9,3.3,-112.3500769,33.5295927,110.8,0.5789473684210522,0.38181818181818206,0.2878787878787879,0.5036496350364963,0.7232704402515724,0.34545454545454546,0.6835443037974683,0.5525291828793775,0.5071365556921853
4013050604,6.2,10.2,18.8,11.8,21.0,15.6,31.8,23.3,32.2,3.3,-112.7756801,33.3568036,111.6,1.0,0.2727272727272727,0.34848484848484845,0.48905109489051096,0.5534591194968557,0.37662337662337664,0.5253164556962026,0.42412451361867703,0.49872333519221795
4013061017,1.6,14.2,28.4,5.1,17.4,23.1,17.3,20.9,32.9,1.4,-112.4375771,33.471398,111.6,1.0,1.0,0.0,0.0,0.5974842767295598,0.0,1.0,0.3307392996108948,0.4910279470425568
4013040524,14.7,9.5,14.9,18.8,20.9,8.7,55.8,23.5,27.6,6.7,-112.4169856,33.6759453,109.7,0.0,0.1454545454545456,0.9924242424242423,1.0,0.26415094339622663,1.0,0.08860759493670882,0.4319066147859922,0.4903179926247144
4013050701,4.8,10.4,19.3,10.5,20.7,17.1,28.2,23.6,33.4,2.8,-112.5817883,33.3850893,111.5,0.9473684210526343,0.3090909090909093,0.24242424242424238,0.39416058394160586,0.628930817610063,0.2831168831168831,0.620253164556962,0.4357976653696498,0.4826428358953687
4013061042,9.7,10.6,18.9,15.0,23.6,14.7,40.7,25.8,32.5,4.9,-112.3173497,33.5875997,109.7,0.0,0.3454545454545455,0.6136363636363635,0.7226277372262774,0.5723270440251573,0.6077922077922079,0.4683544303797468,0.5214007782101167,0.48144913834055186
4013050617,4.7,10.5,19.8,10.2,19.9,17.0,28.1,22.3,33.3,2.7,-112.6293503,33.3840036,111.5,0.9473684210526343,0.3272727272727274,0.23484848484848483,0.37226277372262767,0.6226415094339622,0.28051948051948056,0.6139240506329113,0.38521400778210113,0.47300643190811614
4013040526,14.8,9.3,14.4,18.1,21.1,8.5,55.6,24.5,26.1,6.9,-112.4432741,33.6454883,109.7,0.0,0.10909090909090935,1.0,0.9489051094890512,0.16981132075471717,0.9948051948051947,0.0759493670886076,0.47081712062256803,0.471172377731381
4013010104,11.9,9.6,15.2,15.4,18.2,9.1,49.7,20.7,25.8,5.5,-111.6804374,33.7346108,110.9,0.6315789473684253,0.1636363636363637,0.7803030303030303,0.7518248175182481,0.15094339622641526,0.8415584415584417,0.11392405063291138,0.3229571984435797,0.4695907807109269
4013061018,12.1,8.9,13.6,15.2,16.1,7.4,51.2,18.8,23.7,5.5,-112.4004935,33.4866763,111.6,1.0,0.036363636363636556,0.7954545454545454,0.7372262773722627,0.018867924528301935,0.8805194805194807,0.006329113924050667,0.24902723735408558,0.46547352693954547
4013040531,12.0,10.1,16.8,16.0,21.8,11.8,47.5,25.3,28.2,6.0,-112.3676447,33.6451281,109.7,0.0,0.25454545454545463,0.7878787878787878,0.7956204379562043,0.30188679245283023,0.7844155844155843,0.2848101265822785,0.5019455252918288,0.4638878386403711
4013050611,4.3,10.3,19.5,9.5,19.8,17.1,26.8,22.5,33.3,2.5,-112.5164544,33.3845494,111.5,0.9473684210526343,0.2909090909090912,0.2045454545454545,0.32116788321167883,0.6226415094339622,0.24675324675324675,0.620253164556962,0.3929961089494163,0.45582935992655577
4013061053,4.3,10.4,19.4,9.7,18.2,16.3,27.6,20.5,33.1,2.5,-112.4013721,33.4557236,111.6,1.0,0.3090909090909093,0.2045454545454545,0.33576642335766416,0.6100628930817612,0.26753246753246757,0.5696202531645569,0.3151750972762645,0.45147418725613475
4013040525,14.0,9.4,14.6,17.7,19.8,8.3,54.6,22.8,26.1,6.5,-112.4269715,33.6607653,109.7,0.0,0.12727272727272745,0.9393939393939393,0.9197080291970802,0.16981132075471717,0.9688311688311687,0.06329113924050639,0.40466926070038906,0.44912219817381605
4013050614,4.5,10.2,19.0,9.9,18.6,16.3,27.8,21.5,32.3,2.6,-112.5456874,33.4273116,111.5,0.9473684210526343,0.2727272727272727,0.21969696969696967,0.35036496350364965,0.559748427672956,0.2727272727272727,0.5696202531645569,0.35408560311284043,0.44329239795726905
4013061015,5.0,10.1,18.2,10.5,17.9,15.1,29.7,20.8,31.2,2.8,-112.3316542,33.4723401,111.6,1.0,0.25454545454545463,0.25757575757575757,0.39416058394160586,0.49056603773584917,0.322077922077922,0.49367088607594933,0.32684824902723736,0.442430611372472
4013040506,13.4,9.5,14.8,17.0,19.6,8.8,53.5,23.0,26.3,6.4,-112.3366887,33.6577414,109.7,0.0,0.1454545454545456,0.8939393939393939,0.8686131386861313,0.1823899371069184,0.9402597402597404,0.09493670886075954,0.4124513618677042,0.44225560327189917
4013040507,14.6,9.2,13.9,17.1,20.8,8.3,54.8,24.7,24.5,7.0,-112.362634,33.6569045,109.7,0.0,0.09090909090909091,0.9848484848484848,0.8759124087591241,0.06918238993710701,0.974025974025974,0.06329113924050639,0.4785992217898832,0.4420960886887713
4013040541,7.4,11.0,20.6,12.9,22.1,16.4,35.8,23.9,32.9,4.0,-112.5578347,33.7565722,109.7,0.0,0.4181818181818183,0.4393939393939394,0.5693430656934306,0.5974842767295598,0.4805194805194804,0.5759493670886074,0.4474708171206225,0.4410428455909323
4013061048,5.8,10.1,18.2,11.1,16.9,14.0,32.2,19.1,30.3,3.1,-112.3538833,33.4688752,111.6,1.0,0.25454545454545463,0.3181818181818181,0.437956204379562,0.4339622641509436,0.3870129870129871,0.4240506329113924,0.2607003891050584,0.43955121878590203
4013061050,4.6,10.3,19.0,10.1,17.7,15.8,28.5,20.3,31.9,2.6,-112.4267914,33.4283671,111.5,0.9473684210526343,0.2909090909090912,0.2272727272727272,0.36496350364963503,0.5345911949685535,0.2909090909090909,0.5379746835443038,0.3073929961089494,0.4376727135518732
4013061014,3.9,10.3,19.4,9.3,17.9,17.0,26.1,20.8,32.3,2.3,-112.325033,33.4834525,111.6,1.0,0.2909090909090912,0.17424242424242423,0.3065693430656935,0.559748427672956,0.2285714285714286,0.6139240506329113,0.32684824902723736,0.4376016267652178
4013050616,4.3,10.4,19.5,9.3,18.5,16.6,26.7,21.1,32.1,2.5,-112.6071597,33.4208764,111.5,0.9473684210526343,0.3090909090909093,0.2045454545454545,0.3065693430656935,0.5471698113207549,0.24415584415584413,0.5886075949367089,0.33852140077821014,0.43575359736827624
4013050609,6.4,9.8,17.5,11.1,16.5,13.5,33.3,19.4,29.6,3.3,-112.5356941,33.4524436,111.6,1.0,0.20000000000000026,0.36363636363636365,0.437956204379562,0.3899371069182392,0.4155844155844155,0.3924050632911392,0.27237354085603105,0.43398658683321883
4013061054,7.3,9.8,17.0,11.9,16.1,12.2,36.6,18.6,27.9,3.6,-112.4005312,33.4701401,111.6,1.0,0.20000000000000026,0.4318181818181817,0.49635036496350365,0.28301886792452835,0.5012987012987014,0.31012658227848094,0.24124513618677043,0.43298222930877084
4013061057,4.8,9.8,18.2,10.3,17.3,15.1,29.1,20.6,31.4,2.7,-112.4412605,33.4525456,111.6,1.0,0.20000000000000026,0.24242424242424238,0.3795620437956205,0.5031446540880503,0.3064935064935065,0.49367088607594933,0.3190661478599222,0.43054518509216144
4013040515,10.2,9.8,17.1,15.3,20.3,11.9,44.0,22.7,30.2,5.0,-113.0044501,33.8241902,109.7,0.0,0.20000000000000026,0.6515151515151514,0.7445255474452555,0.42767295597484284,0.6935064935064935,0.2911392405063291,0.4007782101167314,0.4261421998831005
4013061052,4.0,10.4,19.3,9.1,18.0,16.3,25.9,20.0,31.4,2.4,-112.3920848,33.4431709,111.6,1.0,0.3090909090909093,0.1818181818181818,0.291970802919708,0.5031446540880503,0.2233766233766233,0.5696202531645569,0.2957198443579766,0.42184265860200076
4013050621,4.8,10.6,20.3,9.8,19.2,17.1,28.3,21.5,32.9,2.7,-112.7460201,33.5421899,110.8,0.5789473684210522,0.3454545454545455,0.24242424242424238,0.34306569343065696,0.5974842767295598,0.2857142857142857,0.620253164556962,0.35408560311284043,0.4209286474805181
4013050612,3.9,10.1,19.3,8.9,17.5,16.4,25.5,20.2,32.3,2.3,-112.4930588,33.448367,111.6,1.0,0.25454545454545463,0.17424242424242423,0.2773722627737227,0.559748427672956,0.21298701298701297,0.5759493670886074,0.30350194552529175,0.4197933618544337
4013050615,4.3,10.2,18.8,9.2,18.1,16.1,26.5,20.7,31.1,2.5,-112.5727511,33.4266011,111.5,0.9473684210526343,0.2727272727272727,0.2045454545454545,0.2992700729927007,0.48427672955974865,0.23896103896103893,0.5569620253164557,0.3229571984435797,0.4158835266998606
4013040512,14.4,8.9,13.6,16.9,19.0,7.7,54.9,22.5,24.2,6.6,-112.3904639,33.6772529,109.7,0.0,0.036363636363636556,0.9696969696969697,0.8613138686131385,0.05031446540880508,0.9766233766233765,0.025316455696202552,0.3929961089494163,0.4140781101689432
4013010102,9.3,9.7,16.7,13.6,15.3,10.1,43.4,16.6,27.7,4.3,-111.5743081,33.7128794,110.9,0.6315789473684253,0.18181818181818182,0.5833333333333334,0.6204379562043795,0.2704402515723271,0.6779220779220778,0.1772151898734177,0.1634241245136187,0.41327125782572016
4013010103,6.8,10.4,19.4,11.4,16.3,13.6,35.7,18.0,30.0,3.4,-111.7538552,33.7535864,110.9,0.6315789473684253,0.3090909090909093,0.39393939393939387,0.45985401459854014,0.41509433962264164,0.47792207792207797,0.39873417721518983,0.21789883268482488,0.4130140865552504
4013061024,3.9,10.1,19.3,8.9,17.7,16.5,25.2,20.2,32.0,2.3,-112.3997843,33.4137948,111.5,0.9473684210526343,0.25454545454545463,0.17424242424242423,0.2773722627737227,0.5408805031446542,0.20519480519480515,0.5822784810126581,0.30350194552529175,0.41067303718645565
4013060904,4.5,10.5,19.9,11.0,24.6,18.4,27.5,27.2,35.5,2.7,-112.3110112,33.6016684,109.7,0.0,0.3272727272727274,0.21969696969696967,0.4306569343065693,0.7610062893081763,0.2649350649350649,0.7025316455696201,0.5758754863813228,0.4102468896838063
4013050613,4.3,10.0,18.7,9.2,17.7,15.7,26.7,20.5,30.8,2.4,-112.4953171,33.4217311,111.5,0.9473684210526343,0.2363636363636365,0.2045454545454545,0.2992700729927007,0.4654088050314467,0.24415584415584413,0.531645569620253,0.3151750972762645,0.4054916126297793
4013040502,9.3,10.3,18.5,13.6,19.5,13.3,40.5,22.0,29.6,4.6,-112.7494475,33.9760918,109.7,0.0,0.2909090909090912,0.5833333333333334,0.6204379562043795,0.3899371069182392,0.6025974025974026,0.379746835443038,0.37354085603112835,0.40506282267957655
4013040528,14.0,8.9,13.6,16.7,18.5,7.7,54.2,21.8,24.3,6.4,-112.4037208,33.6527184,109.7,0.0,0.036363636363636556,0.9393939393939393,0.8467153284671531,0.0566037735849058,0.9584415584415585,0.025316455696202552,0.3657587548638132,0.4035741808514012
4013061058,4.2,10.0,18.7,9.3,16.8,15.4,26.9,19.3,31.5,2.4,-112.4176024,33.4048935,111.5,0.9473684210526343,0.2363636363636365,0.19696969696969696,0.3065693430656935,0.509433962264151,0.2493506493506493,0.5126582278481013,0.26848249027237353,0.4033995533983671
4013050619,5.8,10.0,18.1,10.5,14.9,12.9,32.4,16.8,29.0,3.0,-112.4843023,33.4947209,111.6,1.0,0.2363636363636365,0.3181818181818181,0.39416058394160586,0.35220125786163536,0.39220779220779217,0.35443037974683544,0.17120622568093385,0.40234396174803216
4013040522,14.0,8.9,13.5,16.5,18.5,7.7,54.3,22.2,24.0,6.4,-112.3771475,33.6874823,109.7,0.0,0.036363636363636556,0.9393939393939393,0.8321167883211679,0.03773584905660387,0.961038961038961,0.025316455696202552,0.3813229571984435,0.40166107338361934
4013040514,13.1,9.2,14.2,16.0,18.5,8.2,52.4,21.9,24.6,6.1,-112.3382757,33.6751948,109.7,0.0,0.09090909090909091,0.8712121212121211,0.7956204379562043,0.07547169811320774,0.9116883116883115,0.05696202531645566,0.3696498054474707,0.39643918633035774
4013040527,10.3,9.9,17.0,14.1,18.7,11.8,43.8,21.5,28.1,5.0,-112.4265743,33.6463218,109.7,0.0,0.21818181818181837,0.6590909090909092,0.656934306569343,0.29559748427672977,0.6883116883116882,0.2848101265822785,0.35408560311284043,0.394626492015701
4013040523,12.4,9.3,14.4,16.2,17.4,8.2,52.1,20.3,25.6,5.7,-112.3477585,33.6907356,109.7,0.0,0.10909090909090935,0.8181818181818181,0.8102189781021897,0.13836477987421403,0.9038961038961039,0.05696202531645566,0.3073929961089494,0.39301345132133
4013061049,4.3,9.9,18.1,9.5,15.7,14.4,27.7,18.1,30.8,2.4,-112.4009683,33.4282146,111.5,0.9473684210526343,0.21818181818181837,0.2045454545454545,0.32116788321167883,0.4654088050314467,0.2701298701298701,0.44936708860759494,0.2217898832684825,0.38724490300362263
4013061029,7.1,10.6,19.5,11.8,19.0,15.2,35.1,21.8,31.2,3.8,-112.3506834,33.6311855,109.7,0.0,0.3454545454545455,0.41666666666666663,0.48905109489051096,0.49056603773584917,0.4623376623376624,0.49999999999999994,0.3657587548638132,0.383729345243631
4013061045,5.9,10.3,18.8,10.7,15.9,13.9,32.6,18.0,30.2,3.1,-112.422807,33.5300157,110.8,0.5789473684210522,0.2909090909090912,0.3257575757575758,0.4087591240875912,0.42767295597484284,0.3974025974025974,0.4177215189873418,0.21789883268482488,0.3831336330281147
4013061041,4.4,10.8,20.5,10.0,22.0,18.5,27.0,24.4,34.1,2.6,-112.329193,33.601576,109.7,0.0,0.38181818181818206,0.21212121212121213,0.35766423357664234,0.6729559748427675,0.2519480519480519,0.7088607594936708,0.4669260700389104,0.3815368104799296
4013040513,13.5,8.9,13.5,16.0,17.6,7.6,53.3,21.1,23.8,6.1,-112.3658563,33.6746354,109.7,0.0,0.036363636363636556,0.9015151515151515,0.7956204379562043,0.025157232704402652,0.935064935064935,0.018987341772151885,0.33852140077821014,0.38140376701933654
4013061013,4.6,10.2,18.8,10.1,17.6,15.6,28.4,20.1,31.2,2.6,-112.3261467,33.5013997,110.8,0.5789473684210522,0.2727272727272727,0.2272727272727272,0.36496350364963503,0.49056603773584917,0.28831168831168824,0.5253164556962026,0.29961089494163423,0.3809644935945077
4013060802,4.9,10.7,20.4,10.1,21.4,18.0,28.2,24.1,33.3,2.8,-112.3143932,33.6197635,109.7,0.0,0.36363636363636365,0.25,0.36496350364963503,0.6226415094339622,0.2831168831168831,0.6772151898734177,0.45525291828793774,0.37710329599977493
4013030402,7.8,9.8,17.2,11.9,14.3,10.9,39.3,16.3,27.3,3.8,-111.938807,33.8615277,110.9,0.6315789473684253,0.20000000000000026,0.4696969696969696,0.49635036496350365,0.2452830188679247,0.5714285714285713,0.2278481012658228,0.1517509727626459,0.37424211829423293
4013040529,13.6,8.7,13.3,16.0,17.3,7.3,53.7,20.6,23.4,6.1,-112.3937125,33.6641908,109.7,0.0,0.0,0.9090909090909091,0.7956204379562043,0.0,0.9454545454545455,0.0,0.3190661478599222,0.37115400504519763
4013061020,4.5,10.0,18.0,9.2,14.6,13.7,28.2,16.7,28.8,2.5,-112.3677102,33.4857395,111.6,1.0,0.2363636363636365,0.21969696969696967,0.2992700729927007,0.3396226415094341,0.2831168831168831,0.40506329113924044,0.1673151750972762,0.3688060837395176
4013061027,5.6,11.0,20.9,10.5,18.3,16.8,31.2,20.4,32.1,3.1,-112.4017435,33.6314831,109.7,0.0,0.4181818181818183,0.303030303030303,0.39416058394160586,0.5471698113207549,0.361038961038961,0.6012658227848101,0.3112840466926069,0.3670164183738575
4013040516,9.4,9.9,16.8,14.2,16.6,10.7,44.2,18.7,28.2,4.5,-112.7240487,33.6767067,109.7,0.0,0.21818181818181837,0.5909090909090909,0.6642335766423357,0.30188679245283023,0.6987012987012987,0.21518987341772147,0.24513618677042795,0.3667798296344404
4013030401,8.9,9.4,16.0,12.6,13.7,9.4,42.4,15.4,25.9,4.1,-111.9168671,33.8175437,110.9,0.6315789473684253,0.12727272727272745,0.5530303030303031,0.5474452554744526,0.15723270440251574,0.6519480519480519,0.1329113924050633,0.11673151750972761,0.3647688624264084
4013061010,5.7,9.7,17.7,9.8,13.4,12.2,32.1,15.5,27.3,2.9,-112.3594703,33.4989522,111.6,1.0,0.18181818181818182,0.31060606060606055,0.34306569343065696,0.2452830188679247,0.38441558441558443,0.31012658227848094,0.12062256809338519,0.36199221118878433
4013040534,11.1,9.3,14.9,15.4,15.5,8.1,50.0,17.6,26.2,5.0,-112.331158,33.7377243,109.7,0.0,0.10909090909090935,0.7196969696969696,0.7518248175182481,0.17610062893081768,0.8493506493506494,0.05063291139240505,0.20233463035019458,0.35737893954127425
4013061056,3.8,10.0,18.9,8.2,13.6,14.6,25.9,15.5,29.3,2.1,-112.4517571,33.488963,111.6,1.0,0.2363636363636365,0.16666666666666663,0.22627737226277367,0.37106918238993725,0.2233766233766233,0.46202531645569617,0.12062256809338519,0.3508001707010898
4013061051,3.8,9.6,17.5,8.4,14.3,14.4,25.7,17.4,29.1,2.2,-112.4181311,33.4429158,111.6,1.0,0.1636363636363637,0.16666666666666663,0.24087591240875916,0.35849056603773605,0.21818181818181814,0.44936708860759494,0.1945525291828793,0.3489713680902272
4013060901,4.2,10.7,20.5,9.2,20.2,18.1,26.0,22.6,33.1,2.5,-112.3341975,33.6182651,109.7,0.0,0.36363636363636365,0.19696969696969696,0.2992700729927007,0.6100628930817612,0.22597402597402597,0.6835443037974683,0.3968871595330739,0.3470430644981363
4013061028,6.2,10.5,19.7,10.3,18.2,16.0,31.7,21.3,30.2,3.4,-112.3676149,33.6344581,109.7,0.0,0.3272727272727274,0.34848484848484845,0.3795620437956205,0.42767295597484284,0.374025974025974,0.550632911392405,0.3463035019455253,0.3442443703614929
4013061038,4.9,10.8,20.7,9.8,18.4,16.7,29.2,20.3,32.4,2.8,-112.3850313,33.5876988,109.7,0.0,0.38181818181818206,0.25,0.34306569343065696,0.5660377358490567,0.309090909090909,0.5949367088607593,0.3073929961089494,0.3440427781448142
4013061011,4.1,10.1,18.5,9.1,16.5,15.3,26.4,19.0,30.1,2.4,-112.3264989,33.5323577,110.8,0.5789473684210522,0.25454545454545463,0.18939393939393934,0.291970802919708,0.4213836477987424,0.2363636363636363,0.5063291139240506,0.25680933852140075,0.341967912735998
4013040539,6.4,10.5,19.8,10.9,17.1,14.9,33.6,19.3,30.4,3.3,-112.5381576,33.8643039,109.7,0.0,0.3272727272727274,0.36363636363636365,0.4233576642335767,0.44025157232704404,0.4233766233766234,0.4810126582278481,0.26848249027237353,0.34092376241831956
4013061055,4.7,10.1,18.3,9.4,15.9,14.5,28.4,18.3,28.9,2.6,-112.3984667,33.5006201,110.8,0.5789473684210522,0.25454545454545463,0.23484848484848483,0.31386861313868614,0.3459119496855346,0.28831168831168824,0.45569620253164556,0.22957198443579765,0.337712718239793
4013050618,4.3,9.9,18.8,8.1,12.6,13.7,27.0,14.5,28.2,2.2,-112.5029196,33.4838138,111.6,1.0,0.21818181818181837,0.2045454545454545,0.218978102189781,0.30188679245283023,0.2519480519480519,0.40506329113924044,0.08171206225680931,0.3352894465892482
4013040540,5.6,10.3,19.8,10.2,18.1,15.9,29.8,20.4,30.9,3.0,-112.4962657,33.6917028,109.7,0.0,0.2909090909090912,0.303030303030303,0.37226277372262767,0.47169811320754723,0.3246753246753247,0.5443037974683544,0.3112840466926069,0.32727043121323185
4013061021,3.7,9.4,17.0,8.7,14.0,13.6,25.5,16.9,27.6,2.1,-112.3482487,33.4847062,111.6,1.0,0.12727272727272745,0.1590909090909091,0.2627737226277372,0.26415094339622663,0.21298701298701297,0.39873417721518983,0.17509727626459134,0.3250133461067993
4013061043,4.3,10.1,19.2,9.8,19.0,16.5,26.7,21.6,32.7,2.5,-112.333106,33.5727973,109.7,0.0,0.25454545454545463,0.2045454545454545,0.34306569343065696,0.5849056603773588,0.24415584415584413,0.5822784810126581,0.35797665369649806,0.3214341552204907
4013061040,4.4,10.4,19.5,9.7,18.7,16.6,27.2,21.1,31.7,2.5,-112.3378089,33.6019505,109.7,0.0,0.3090909090909093,0.21212121212121213,0.33576642335766416,0.5220125786163523,0.2571428571428571,0.5886075949367089,0.33852140077821014,0.32040787200548926
4013061035,5.0,10.5,19.9,9.7,16.7,16.2,29.4,19.4,30.8,2.8,-112.3507002,33.6163866,109.7,0.0,0.3272727272727274,0.25757575757575757,0.33576642335766416,0.4654088050314467,0.3142857142857142,0.5632911392405062,0.27237354085603105,0.31699676345248096
4013050620,3.9,10.2,19.3,8.1,14.2,15.0,26.1,16.5,29.5,2.2,-112.5780922,33.5419142,110.8,0.5789473684210522,0.2727272727272727,0.17424242424242423,0.218978102189781,0.3836477987421385,0.2285714285714286,0.4873417721518987,0.15953307392996105,0.31299865512199465
4013060903,3.8,10.0,18.8,9.3,19.6,16.9,24.8,22.8,32.5,2.2,-112.3203341,33.60171,109.7,0.0,0.2363636363636365,0.16666666666666663,0.3065693430656935,0.5723270440251573,0.19480519480519481,0.6075949367088606,0.40466926070038906,0.31112451029194976
4013061026,5.7,10.5,19.8,9.6,16.4,15.5,30.4,19.0,29.5,3.0,-112.4181095,33.6315885,109.7,0.0,0.3272727272727274,0.31060606060606055,0.3284671532846715,0.3836477987421385,0.3402597402597402,0.5189873417721518,0.25680933852140075,0.30825627005736134
4013061044,4.6,10.6,20.4,9.2,16.2,16.2,28.4,18.5,31.3,2.6,-112.4016614,33.5627619,109.7,0.0,0.3454545454545455,0.2272727272727272,0.2992700729927007,0.49685534591194985,0.28831168831168824,0.5632911392405062,0.2373540856031128,0.30722620059840383
4013061033,4.8,10.6,20.4,9.3,16.4,16.2,28.5,18.6,30.6,2.7,-112.3839564,33.6117732,109.7,0.0,0.3454545454545455,0.24242424242424238,0.3065693430656935,0.4528301886792455,0.2909090909090909,0.5632911392405062,0.24124513618677043,0.3053404607450118
4013061032,4.6,10.6,20.4,9.1,16.6,16.5,28.0,18.9,30.7,2.6,-112.40273,33.6183909,109.7,0.0,0.3454545454545455,0.2272727272727272,0.291970802919708,0.459119496855346,0.2779220779220779,0.5822784810126581,0.25291828793774307,0.3046170524218507
4013061047,4.0,9.8,17.5,9.0,13.8,13.8,27.2,16.4,28.3,2.3,-112.3503455,33.5133669,110.8,0.5789473684210522,0.20000000000000026,0.1818181818181818,0.2846715328467153,0.30817610062893097,0.2571428571428571,0.41139240506329117,0.15564202334630342,0.2972238086584165
4013040530,5.5,10.4,19.3,9.8,15.4,14.7,30.8,17.8,29.2,2.9,-112.3838942,33.6438075,109.7,0.0,0.3090909090909093,0.2954545454545454,0.34306569343065696,0.36477987421383656,0.35064935064935066,0.4683544303797468,0.21011673151750973,0.29268894184206945
4013061059,5.0,10.4,19.6,9.3,15.7,15.3,29.4,18.0,29.9,2.7,-112.4460019,33.6193732,109.7,0.0,0.3090909090909093,0.25757575757575757,0.3065693430656935,0.4088050314465409,0.3142857142857142,0.5063291139240506,0.21789883268482488,0.29006933775918636
4013061031,4.6,10.4,19.8,9.2,15.1,15.3,28.6,17.4,30.2,2.6,-112.4331614,33.5970904,109.7,0.0,0.3090909090909093,0.2272727272727272,0.2992700729927007,0.42767295597484284,0.29350649350649355,0.5063291139240506,0.1945525291828793,0.2822118502430754
4013061060,4.1,10.6,20.5,8.4,15.3,16.4,26.6,17.5,30.8,2.3,-112.4324134,33.6162951,109.7,0.0,0.3454545454545455,0.18939393939393934,0.24087591240875916,0.4654088050314467,0.24155844155844158,0.5759493670886074,0.19844357976653693,0.28213557383778454
4013061061,4.3,10.6,20.3,8.8,15.1,15.9,27.5,17.4,30.2,2.5,-112.4309035,33.6315728,109.7,0.0,0.3454545454545455,0.2045454545454545,0.27007299270073,0.42767295597484284,0.2649350649350649,0.5443037974683544,0.1945525291828793,0.28144216753273393
4013040538,5.1,10.3,19.3,9.5,14.2,14.1,30.4,16.1,29.4,2.7,-112.3875564,33.7097997,109.7,0.0,0.2909090909090912,0.2651515151515151,0.32116788321167883,0.37735849056603776,0.3402597402597402,0.430379746835443,0.14396887159533076,0.2711494173161046
4013061034,4.0,10.6,20.2,8.1,14.9,16.0,26.0,17.0,29.2,2.3,-112.3678926,33.6165068,109.7,0.0,0.3454545454545455,0.1818181818181818,0.218978102189781,0.36477987421383656,0.22597402597402597,0.550632911392405,0.178988326848249,0.2583282459863781
4013040535,5.8,10.0,18.8,9.7,13.1,12.8,32.4,14.9,27.7,2.9,-112.3603756,33.8465824,109.7,0.0,0.2363636363636365,0.3181818181818181,0.33576642335766416,0.2704402515723271,0.39220779220779217,0.34810126582278483,0.09727626459143968,0.24979218151218285
4013061036,3.9,10.2,19.2,8.5,13.5,14.7,27.0,15.7,29.4,2.3,-112.4030248,33.5877401,109.7,0.0,0.2727272727272727,0.17424242424242423,0.24817518248175183,0.37735849056603776,0.2519480519480519,0.4683544303797468,0.12840466926070032,0.24015131520074823
4013061037,4.0,10.2,19.6,8.1,13.7,14.9,26.4,16.0,29.0,2.3,-112.3851425,33.6022107,109.7,0.0,0.2727272727272727,0.1818181818181818,0.218978102189781,0.35220125786163536,0.2363636363636363,0.4810126582278481,0.14007782101167313,0.23539736627500352
4013040532,3.5,10.6,21.7,6.9,13.6,16.7,23.7,15.5,29.3,2.0,-112.3063617,33.7031905,109.7,0.0,0.3454545454545455,0.14393939393939392,0.13138686131386865,0.37106918238993725,0.1662337662337662,0.5949367088607593,0.12062256809338519,0.234205378285707
4013061039,4.0,9.9,18.8,8.1,13.0,14.1,26.4,15.2,28.0,2.2,-112.361302,33.5955848,109.7,0.0,0.21818181818181837,0.1818181818181818,0.218978102189781,0.28930817610062903,0.2363636363636363,0.430379746835443,0.1089494163424124,0.21049738472898777
4013040536,3.8,10.2,19.8,7.4,12.3,14.3,25.6,14.1,28.0,2.1,-112.3190631,33.7485027,109.7,0.0,0.2727272727272727,0.16666666666666663,0.16788321167883216,0.28930817610062903,0.2155844155844156,0.44303797468354433,0.06614785992217895,0.2026694471704424
4013040533,2.9,10.1,21.2,6.1,12.4,16.4,21.2,14.8,28.6,1.7,-112.3333009,33.7107807,109.7,0.0,0.25454545454545463,0.09848484848484847,0.072992700729927,0.3270440251572329,0.10129870129870126,0.5759493670886074,0.0933852140077821,0.19046253891406922
4013040537,5.0,9.6,17.6,9.1,10.9,11.0,31.5,12.4,26.2,2.5,-112.3036934,33.7675559,109.7,0.0,0.1636363636363637,0.25757575757575757,0.291970802919708,0.17610062893081768,0.3688311688311688,0.23417721518987342,0.0,0.18653649213546114
